Reporter Name,Partner Name,Trade Flow,Product Group,Indicator,1992,1993,1994,1995,1996,1997,1998,1999,2000,2001,2002,2003,2004,2005,2006,2007,2008,2009,2010,2011,2012,2013,2014,2015,2016,2017,2018,2019,2020,2021,2022
China, World,Export,  All Products,Export (US$ Thousand),84940013.57,91743944.7,121006260.2,148779500,151047461.8,182791584.8,183808987.8,194930778.5,249202551,266098208.6,325595969.8,438227767.4,593325581.4,761953409.5,968935601,1220059668,1430693066,1201646758,1577763751,1898388435,2048782233,2209007280,2342292696,2273468224,2097637172,2263370504,2486439720,2499206994,2589098353,3316022134,3593601436
China,Afghanistan,Export,  All Products,Export (US$ Thousand),23605.168,32351.58,27368.686,31601.179,31305.162,32474.356,24164.796,16676.965,19891.09,17265.197,19910.993,26446.713,56973.084,51208.556,100486.966,169532.599,151626.761,213366.201,175264.609,230009.966,464033.546,328258.809,393559.251,361819.889,430653.261,541205.985,667589.88,599799.484,500680.466,472113.93,553083.383
China,Bangladesh,Export,  All Products,Export (US$ Thousand),214769.728,202898.928,370436.384,632944.578,653039.639,696110.472,660475.656,700869.171,899591.799,955154.791,1066270.705,1334669.027,1906268.226,2402740.257,3090402.929,3349758.08,4556074.057,4441066.871,6789096.629,7810657.633,7970093.212,9705086.684,11782272.27,13894707.66,14300635.41,15169021,17753058.74,17323286.47,15075630.65,23815017.84,26808334.83
China,Belarus,Export,  All Products,Export (US$ Thousand),9017.513,20438.912,9457.341,10007.947,9467.258,16833.984,6456.837,5330.218,41116.508,8753.309,16222.29,32224.659,64945.697,81279.477,215798.524,227227.351,361362.946,280421.17,795610.109,705134.767,919816.968,872159.994,1110594.383,748901.088,1090019.147,933361.512,1141588.557,1799069.2,2113223.541,2704976.883,3275466.377
China,China,,,,1,1,1,1,1,1,1,1,1,1,1,1,1,1,1,1,1,1,1,1,1,1,1,1,1,1,1,1,1,1,1
China,Egypt,Export,  All Products,Export (US$ Thousand),174559.712,199595.84,279603.04,439645.416,404442.832,464945.874,574741.114,715855.388,805301.211,873207.874,852923.375,936758.397,1388434.677,1934035.925,2975501.314,4468099.23,5874260.276,5107359.456,6040984.268,7283232.684,8223921.373,8362674.701,10460509.6,11958576.94,10436255.85,9485643.131,11987207.51,12200705.39,13627746.81,17993552.14,17170216.92
China,India,Export,  All Products,Export (US$ Thousand),158432.144,259181.04,573001.216,765266.182,686014.214,933720.409,1016671.567,1161927.746,1560736.215,1895832.787,2671164.208,3343225.003,5936007.816,8934277.108,14581297.37,24051379.61,31585380.67,29666559.64,40913958.3,50536415.93,47677451.83,48432411.24,54217421.73,58228027.09,58397760.57,68042252.51,76675655.64,74825299.13,66719471.59,96367053.57,118501522.8
China,Iran,Export,  All Products,Export (US$ Thousand),335642.176,402698.816,265738.368,277889.317,394580.868,496445.973,656503.035,662733.737,713440.642,888579.972,1393302.849,2315162.332,2554760.983,3296584.988,4488951.66,7363291.644,8163428.066,7918687.116,11092187.78,14761998.86,11598798.61,14036645.33,24338486.49,17770106.93,16417272.59,18584814.8,13939733.39,9589986.041,8491806.865,8070589.098,9440300.063
China,Iraq,Export,  All Products,Export (US$ Thousand),665.68,4870.525,1552.785,297.682,1034.51,58978.73,104671.092,147953.912,327258.501,394940.602,420819.101,56055.724,149552.912,408108.934,491158.084,724940.246,1271161.565,1838448.828,3589866.73,3824651.342,4911784.801,6894088.32,7743841.287,7909228.953,7547857.704,8330414.675,7903323.801,9461322.795,10922539.88,10363459.48,13989337.28
China,Israel,Export,  All Products,Export (US$ Thousand),12767.118,76382,142062.976,185659.259,188631.848,259949.4,361284.211,496693.253,718840.988,832612.053,899439.666,1140901.174,1541986.013,1954336.521,2561315.252,3673391.873,4257001.665,3652651.123,5037049.627,6740797.88,6988137.193,7645304.406,7739105.565,8615948.86,8174292.923,8918466.72,9274415.805,9614963.788,11253576.12,15069015.06,16481073.88
China,Japan,Export,  All Products,Export (US$ Thousand),11678698.5,15776635.9,21578598.4,28466672.51,30886209.35,31838563.47,29660095.39,32410577.5,41654314.05,44940523.79,48433840.39,59408697.99,73509042.09,83986277.41,91622673.33,102062496.2,116132454.5,97910965.89,121043964.5,148268708.1,151626580.7,150132589,149391340.5,135616442.8,129268487.4,137258933.3,147048752.8,143244518.4,142596624.7,164626275.6,172927436
China,South Korea,Export,  All Products,Export (US$ Thousand),2404899.072,2860491.52,4402437.632,6687795.923,7499845.618,9126860.979,6251495.873,7807603.69,11292363.93,12518777.84,15534560.64,20094764.74,27811560.29,35107775.98,44522206.86,56432015.98,73931989.52,53679876.61,68766311.13,82920307.88,87673764.18,91164951.04,100333450.8,101286384.2,93707103.46,102703776.6,108756144,110974410.4,112476215.9,145931342.1,162621428.2
China,Myanmar,Export,  All Products,Export (US$ Thousand),259154.32,324645.728,369087.936,617792.637,521118.239,570099.346,514314.83,406494.908,496443.484,497349.456,724747.021,910223.657,938436.043,934847.228,1207417.933,1700118.421,1977766.301,2261242.729,3475524.257,4821497.462,5673756.23,7338688.821,9367646.907,9650911.459,8187651.272,8948464.266,10547768.5,12310992.45,12547510.39,10291672.39,13615875.11
China,Pakistan,Export,  All Products,Export (US$ Thousand),551428.16,751922.752,605689.664,788604.644,623011.236,689213.995,523412.251,580594.54,670317.458,814968.254,1242111.002,1854990.825,2465791.925,3427661.674,4239365.171,5831349.376,6051066.209,5515073.607,6937791.618,8439729.435,9276492.101,11019596.12,13244481.94,16441888.41,17232654.06,18250788.59,16933316.65,16166921.09,15357592.99,23939277.39,23089416.31
China,Qatar,Export,  All Products,Export (US$ Thousand),8301.609,10870.828,10429.942,9527.929,21602.373,14930.282,16169.333,27846.73,31225.962,31555.93,49543.4,61802.055,103518.127,203668.491,436809.052,622613.468,1074163.869,872411.299,855444.268,1198757.273,1205100.145,1710907.973,2254011.137,2275641.175,1515659.122,1682329.963,2482414.272,2409678.189,2631009.7,3862308.507,3988918.209
China,Saudi Arabia,Export,  All Products,Export (US$ Thousand),444251.488,578835.904,624850.624,733897.056,747796.768,854249.024,895811.987,943821.749,1144742.927,1354114.676,1671543.733,2146802.96,2775457.898,3824415.297,5055833.989,7839958.562,10823467.97,8977851.553,10366444.55,14849707.39,18452900.81,18739813.77,20575241.93,21612927.98,18650906.5,18375008.21,17428036.04,23876505.59,28094807.84,29186812.74,37990174.78
China,Turkiye,Export,  All Products,Export (US$ Thousand),68912.128,165688.256,184543.36,430684.993,406604.503,556780.433,659063.142,636582.025,1077894.816,674006.603,1089043.515,2065139.564,2821291.823,4253725.596,7303284.863,10484265.62,10606311.97,8333534.857,11942037.33,15613704.58,15585293.35,17746990.92,19305457.61,18607841.07,16686640.52,18121507.52,17788595,17323704.71,20346420.26,28894483.66,34033748.51
China,UAE,Export,  All Products,Export (US$ Thousand),542953.728,711394.752,864720.64,1101085.285,1076876.963,1301152.656,1291306.362,1443757.159,2078437.246,2377322.092,3450903.775,5036996.813,6841135.192,8729838.759,11404780.33,17104968.13,23643689.55,18632295.51,21235460.53,26812847.75,29568342.62,33411294.71,39034507.15,37020164.37,30066955.63,28723965.34,29651248.09,33412894.76,32310092.21,43077732.96,53861686.82
China,Viet Nam,Export,  All Products,Export (US$ Thousand),106326.584,274617.472,341504.48,720263.446,842128.018,1079720.432,1028281.944,963833.903,1537258.771,1797775.199,2148380.455,3182739.191,4260028.135,5643899.032,7463355.015,11894983.63,15122132.63,16300914.5,23101555.93,29091568.15,34212586.98,48586298.2,63730014.14,66017019.78,61094096.78,71617248.16,83876687.84,97868882.17,113815239.4,136186466.9,146959899.8
China,United States,Export,  All Products,Export (US$ Thousand),8599371.776,16972667.9,21474840.58,24728628.81,26705626.24,32740595.5,37983569.93,42004219.56,52156428.12,54355080.2,70050092.09,92626296.06,125148955.9,163180459,203801045.7,233168790,252843530.6,221295019.6,283780322.7,325010987.5,352438221,369063858.6,397099249.7,409979244.4,385677759.4,430328146.5,479278747.2,419322648.6,452492876.3,568174902.5,582756110
United States, World,Export,  All Products,Export (US$ Thousand),447330091,464757162,512336855,582964674.6,622784142.7,687532542,680434596.8,692783783.5,781830672.8,729080421.1,693068306.7,724736583.4,814844394.2,901041411.3,1037029245,1162538150,1299898877,1056712078,1278099187,1481682202,1544932014,1577587252,1619742864,1501845864,1450906273,1545809598,1665302937,1644276221,1430253623,1753136708,2062089833
United States,Afghanistan,Export,  All Products,Export (US$ Thousand),3770.501,9458.413,5438.68,4062.173,16873.83,11484.192,7013.744,18027.547,8154.376,5824.142,80011.074,60758.887,150391.516,262153.213,417630.568,488783.023,481647.628,1511460.17,2151400.794,2921861.778,1521555.394,1409638.976,792389.357,478851.271,913874.351,942037.823,1226885.151,750615.209,670888.208,247405.234,21746.805
United States,Bangladesh,Export,  All Products,Export (US$ Thousand),188045.568,245221.568,233441.776,324482.752,209643.554,259102.785,317711.878,275458.975,239117.836,306889.722,269061.189,225884.184,289302.576,319769.758,332555.16,456420.787,468066.422,434896.461,575698.015,1144148.134,508180.705,708816.08,1113364.427,942540.067,905730.601,1473824.735,2081455.11,2327031.041,1844186.696,2337368.79,2813866.728
United States,Belarus,Export,  All Products,Export (US$ Thousand),25120.7,92130.416,46467.068,47945.376,53025.78,40624.322,30366.62,26053.483,31125.203,34912.642,19070.983,84064.237,32565.395,34942.759,74489.611,101564.097,134466.124,137255.83,133148.863,156543.879,102025.447,95141.886,93385.923,59235.752,195011.717,72668.182,132487.744,125041.904,112283.785,216476.154,39340.739
United States,China,Export,  All Products,Export (US$ Thousand),7469572.096,8767095.808,9286686.72,11748110.34,11977746.41,12804864.93,14257941.63,13117665.53,16184679.3,19181936.06,22127509.05,28367720.78,34427686.53,41190674.56,55224097.11,65237883.48,71456411.76,69575613.27,91910977.24,104121383,110516536,121721075.5,123675622.8,116071708.8,115594770.3,129797515.3,120147865.7,106626645.1,124648507.6,151065177.4,153837022.4
United States,Egypt,Export,  All Products,Export (US$ Thousand),3087347.712,2762593.536,2843823.616,2985290.752,3146111.84,3840028.49,3059792.81,3025392.815,3333939.572,3564351.987,2868427.277,2606749.104,3077754.682,3159259.288,4103782.069,5347083.236,6030833.422,5257585.558,6832542.194,6228228.507,5498319.529,5175345.787,6472584.576,4752983.685,3485903.685,3990352.83,5050861.159,5485805.241,4759077.431,5786374.21,6552797.077
United States,India,Export,  All Products,Export (US$ Thousand),1914401.92,2761094.4,2296321.536,3295742.72,3318091.122,3615603.2,3544678.96,3707363.671,3667127.918,3757044.836,4101054.638,4979693.12,6109357.025,7918597.178,10091103.61,17592454.56,18666534.23,16462437.1,19248886.97,21542181.27,22105715.15,21811337.21,21607498.61,21451879.92,21647174.4,25648233.73,33502786.82,34409574.57,27394259.97,40130034.96,47332140.04
United States,Iran,Export,  All Products,Export (US$ Thousand),747537.024,616176.192,328826.304,277287.84,344.721,1142.653,28.763,48096.855,16832.507,8084.009,31811.319,98922.677,85119.337,95773.068,84952.918,145609.612,683175.698,281814.642,211398.345,233183.16,251122.746,308142.294,186549.561,281512.074,172454.308,136000.618,425766.084,73141.766,36291.029,39364.903,45496.846
United States,Iraq,Export,  All Products,Export (US$ Thousand),497.427,4015.92,793.06,236.488,2794.457,81949.326,106455.956,9540.786,10448.409,46205.526,31607.458,309895.407,856451.848,1373978.345,1493812.516,1574544.305,2122954.379,1774843.524,1643064.073,2400364.843,2053842.278,2021733.722,2105746.032,1971478.767,1266311.141,1204776.577,1312297.296,1277907.302,771884.318,805818.027,949851.908
United States,Israel,Export,  All Products,Export (US$ Thousand),4074154.752,4420239.872,5006019.072,5593225.728,6009014.382,5993807.386,6981809.551,7694307.046,7745857.452,7475308.157,7026627.91,6892044.304,9169038.571,9737274.281,10964389.68,13018845.81,14486465.8,9567806.711,11295013.67,13961616.1,14273472.73,13742185.48,15081784.52,13538661.48,13199390.73,12547614.3,13707064.35,14376607.47,10188028.94,12820355.76,14232759.95
United States,Japan,Export,  All Products,Export (US$ Thousand),47748661.25,47932751.87,53453447.17,64259694.59,67514643.24,65657898.47,57884417.2,57480836.95,64921645.31,57449648.01,51447934.38,52003765.36,53568570.37,54679310.63,59647551.3,62663665.28,66573421.9,51178320.34,60469045.59,65791776.72,69971994.97,65213790.41,66825973.37,62441249.7,63245045.91,67582504.04,75226085.62,74650662.38,64090703.43,74960699.15,80304526.18
United States,South Korea,Export,  All Products,Export (US$ Thousand),14629694.46,14775542.78,18028326.91,25413122.05,26582874.32,25066619.15,16538268.58,22949358.68,27829955.69,22180578.48,22575713.54,24072540.15,26186727.89,27571602.53,32455280.55,34702617.75,34806587.29,28639747.63,38820633.04,43461393.73,42282528.92,41686042.11,44470809.21,43444787.48,42260903.97,48350051.98,56504532.09,56894210.75,51212196.8,65769493.51,71469488.66
United States,Myanmar,Export,  All Products,Export (US$ Thousand),3969.538,12386.118,10965.768,16102.279,32129.921,20007.743,31818.435,8711.408,17144.202,11446.526,10140.644,6864.449,11699.649,5464.172,7541.563,8709.851,10755.671,6970.205,9650.957,48949.883,65765.942,145830.603,92856.414,227140.755,195649.901,211280.289,261209.106,344988.403,338438.915,215028.136,130588.966
United States,Pakistan,Export,  All Products,Export (US$ Thousand),876814.272,810269.184,719056.064,934416.32,1277003.031,1233927.681,726246.099,426451.411,462247.374,541299.5,693399.497,842733.258,1680083.316,1251631.94,1989532.631,2035079.46,1993051.262,1624888.435,1901071.676,1988748.46,1530065.196,1645795.477,1512131.876,1837506.933,2107771.53,2808080.622,2848764.895,2621680.436,2926365.253,3546020.53,3177449.941
United States,Qatar,Export,  All Products,Export (US$ Thousand),189104.688,166348.048,161985.328,223339.984,207080.267,359944.904,354110.216,145205.665,191104.626,335864.673,313949.805,407512.561,454857.542,986642.413,1330925.715,2762083.27,3076772.784,2720183.253,3159769.79,2806681.719,3577715.161,4958347.378,5173424.396,4222423.194,4926689.354,3123831.94,4428139.455,6458786.253,3415513.606,2587494.758,3646809.863
United States,Saudi Arabia,Export,  All Products,Export (US$ Thousand),7163289.6,6665607.168,6010499.072,6084968.96,7295229.08,8450813.286,10524896.18,7901717.244,6234079.382,5957531.647,4780735.939,4595749.142,5256748.14,6805402.418,7808243.11,10399222.19,12477994.63,10803683.54,11505550.86,13923664.67,17961238.47,18960148.29,18704865.11,19738965.57,17993658.27,16354815.55,13601305.05,14289207.05,11177094.25,11138011.05,11564777.99
United States,Turkiye,Export,  All Products,Export (US$ Thousand),2729727.232,3433610.496,2753534.464,2727200,2886097.813,3539399.603,3512531.667,3197220.937,3720108.954,3094663.467,3112979.463,2900216.978,3362263.977,4238966.194,5729587.355,6585654.081,10439710.42,7088986.583,10538481.93,14695214.37,12474727.21,12073351.56,11645440.94,9502498.123,9354231.999,9771770.526,10261410.01,10044692.65,10007520.76,11894644.76,14993006.4
United States,UAE,Export,  All Products,Export (US$ Thousand),1552376.832,1811280.512,1593025.024,1993692.416,2526890.214,2605578.877,2369609.192,2712975.838,2283601.628,2637890.206,3593159.679,3508017.364,4080037.812,8119521.857,11920407.68,11608037.36,15748648.78,12106581.44,11660747.51,15913667.4,22552553.31,24446087.08,22061768.48,22994834.68,22382490.29,20078587.12,19510060.46,20035803.21,14757886.26,17078888.93,20851481.26
United States,Viet Nam,Export,  All Products,Export (US$ Thousand),4485.349,6926.419,172222.784,252859.216,616046.202,277774.697,274216.553,290658.326,367615.047,460275.876,580196.885,1323781.554,1105470.811,1193144.538,1100211.62,1902669.135,2789930.292,3107585.907,3705548.752,4315220.42,4622882.579,5036142.937,5734356.953,7087524.038,10098439.06,8133980.176,9675294.314,10883073.32,9989334.121,10947235.66,11398113.4
United States,United States,,,,1,1,1,1,1,1,1,1,1,1,1,1,1,1,1,1,1,1,1,1,1,1,1,1,1,1,1,1,1,1,1
 World, World,Export,  All Products,Export (US$ Thousand),2457661499,2832125856,3758696348,4683009883,4997004754,5302477255,5269345589,5468896775,7072475989,6858196496,7360113349,8468702886,10236343787,11507784144,13382062407,33041222619,17711906059,13863346927,16715753073,20075604342,20030749562,20876211150,20736863203,18127361013,17620917752,19387785816,21276452471,20707428443,19359772923,24251520533,25690540832
 World,Afghanistan,Export,  All Products,Export (US$ Thousand),291786.68,334751.613,285204.569,302317.22,455321.074,421899.337,339060.774,367342.514,655337.6226,494574.9214,1086940.85,1985444.86,2548512.752,3989194.289,4313899.82,5098522.857,6552931.605,8529380.831,12440623.95,15228942.73,12221795.02,12600324.83,10680860.24,9914674.645,9294730.047,11394888.32,11371007.68,9216500.855,9036351.757,7736588.968,6121155.851
 World,Bangladesh,Export,  All Products,Export (US$ Thousand),2389891.223,3007062.368,4018820.387,5451735.252,5233290.454,5836907.687,6222906.897,5834390.593,7579168.444,8007783.759,7616599.397,9172118.326,11185999.3,12608399.56,14447279.68,67453636.75,20609292.81,20107416.95,28689471.2,34731201.78,33557849.21,37631337.06,43490457.72,44132932.63,46086389.7,53962153.81,61949199,61919910.76,52778872.49,80621812.49,89803387.96
 World,Belarus,Export,  All Products,Export (US$ Thousand),327878.972,772631.591,1252998.501,2189735.975,6399482.509,8071999.05,7455245.307,5857908.015,9161101.236,9299721.087,10330093.28,13330057.73,18751881.82,19601158.95,26179218.75,33014553.08,46240690.99,33110178.15,39324627.21,49711924.98,46040334.1,43935765.86,40660262.98,27798100.83,29138183.78,37511282.63,42117663.33,42194614.14,36743453.23,46303496.11,19549271.47
 World,China,Export,  All Products,Export (US$ Thousand),37044356.54,95976484.87,113505071.9,138661924.6,151498673.1,160650279.1,149294005.4,156988274.1,227975514.6,242174699.6,295446158.6,408550108.2,532344050,619013036.2,749093408,1433497176,1024712605,984827470.6,1333393863,1615882301,1624312727,1749186941,1743163559,1537933930,1526962147,1788798011,1989332383,1944427546,1954343560,2441642625,2229836173
 World,Egypt,Export,  All Products,Export (US$ Thousand),7981549.631,9026650.44,12076992.9,14403082.13,15888740.61,17867121.02,18990655.59,18454895.34,25472949.98,24110019.2,22756601.2,24643274.98,32151119.23,37342390.33,43562077.53,68641364.14,74059283.35,67390648.12,78642080.82,80780028.56,86628437.73,84060203.66,97763936.06,90515271.43,87214986.34,88453012.52,96065753.71,95681039.68,90901876.21,121036287.3,101220722.9
 World,India,Export,  All Products,Export (US$ Thousand),10399195.34,14343271.07,19147146.89,28397118.82,30201081.11,30995431.3,31186735.61,37082725.47,57581801.19,54040663.17,60657550.17,76383447.65,101493664.5,132146179.2,169839718.2,288296404.4,290216421.8,255341419.3,324598312.3,394564963.6,407654446.9,376539225.3,381853078.9,348233660,334587746.7,402663955.1,442415130.7,417135461.5,331800239.1,504935036.9,555170242.6
 World,Iran,Export,  All Products,Export (US$ Thousand),13599599.06,10546434.33,8389869.823,8869243.315,10891472,12053348.9,10887598.26,10746302.7,19005857.94,23454360.94,28512167.92,38708964.09,49544812.22,55169921.51,56264192.03,80766003.4,75875038.32,68780406.87,78480877.11,88664295.82,78959659.6,65483837.25,76054611.15,62699604.98,65207657.58,78947231.48,62831549.1,41276518.16,31399509.71,37669531.46,38598446.57
 World,Iraq,Export,  All Products,Export (US$ Thousand),317188.79,304881.723,380983.739,521519.687,287920.409,783792.092,1341904.56,1682594.329,4357673.302,7428876.193,8037988.859,6683544.741,14433026.92,14416274.9,15461116.07,15706184.22,23774653,30487194.12,38054337.63,42314722.92,50469729.93,58128689.28,60425672.06,52070393.27,46664861.75,54920161.63,58913399.79,61313530.14,56073327.96,66028649.38,71899193.05
 World,Israel,Export,  All Products,Export (US$ Thousand),10251546.64,12788009.99,17770326.44,23398635.55,25364317.05,25475709.31,25573407.17,28780001.28,47519269.62,43067955.69,42284069.09,43915539.27,54084826.25,58346051.82,62681222.58,76131441.13,84461497.12,60931621.73,75559205.01,91719531.29,89981807.71,90521934.79,93803898.08,84774129.88,89565995.05,92136944.43,97846695.07,96928264.92,89022961.94,116120208.7,129512064.3
 World,Japan,Export,  All Products,Export (US$ Thousand),145565901.5,163641530.4,204974128.1,252487191.9,268342184.4,267844505,224903388.6,256156543.7,345769040.9,329962506.3,332385174.7,372990073.1,437301814.3,494430389.9,547852604.6,722211726.2,649136744,476823311.1,595759236.2,721276619,736269693.3,709423612.7,707738514.3,595709389.1,570919115.2,612186202.9,668788231.7,657027240.4,595593559.6,705252551.5,757280750.8
 World,South Korea,Export,  All Products,Export (US$ Thousand),53097763.3,60126474.85,79132687.08,104385549.7,111637782.7,108350433.9,68886893.82,94324379.53,142094700.4,127517563.9,143272026.8,163599516.5,203628617,228495537.9,270477927.9,363997429.6,369536328,292247289.6,382775941.4,457493274.3,461179151,466442817.1,485024851.9,432898258.9,413716774.9,475740020.9,510528064.4,484769296.1,467034158.4,596225850.2,632704437.8
 World,Myanmar,Export,  All Products,Export (US$ Thousand),907228.138,1282789.365,1603550.718,2452615.038,2697760.361,2978158.482,2438990.082,2275238.894,2846939.902,2522091.357,2745719.356,2970949.235,3392456.816,3298558.25,3604249.788,5257591.066,6460411.268,6525595.406,9199944.418,12727020.42,15889720.79,19371503.93,23079599.53,23281779.7,22601990.58,23884328.39,26247897.42,27702537.41,26881614.59,23673789.07,29418581.67
 World,Pakistan,Export,  All Products,Export (US$ Thousand),5937540.291,6915344.741,7049253.318,8652727.763,8699114.439,7893289.242,6847856.216,6492276.733,9158437.832,9240384.11,11195894.86,13959905.37,20246342.66,25372658.13,29456707.26,32833270.07,35356780.84,30406800.06,35013912.81,38275584.24,38427158.54,40182538.82,44990482.01,46729001.81,51570207.82,59969289.21,60317792.16,54098554.15,50095406.49,74025553.79,67680588.84
 World,Qatar,Export,  All Products,Export (US$ Thousand),1104251.858,1306650.193,1553056.724,2467200.7,2334111.125,3494976.665,3084787.276,1967515.699,3858423.971,5126919.002,5834682.652,7841631.529,11442903.24,13468669.31,21756238.79,30336204.83,37788970.54,31128358.8,27283793.53,27373665.44,32568298.29,34305092.41,43741525.76,43170534.82,39942457.34,40307030.84,43665673.35,47809970.22,35975362.26,39366697.2,48641971.04
 World,Saudi Arabia,Export,  All Products,Export (US$ Thousand),23079469.85,24897176.82,26117920.34,27256706.39,29570735.42,35546492.65,37240383.64,30545618.31,42759449.42,45265304.09,48749497.83,55563300.7,59691866.07,71772234.32,85575546.29,108809228.5,133428235.7,111384142.4,126826666.4,154734039.8,188459387.5,201476493.2,207075994.8,205018140.3,161075607.7,163720580.4,163030915.7,172262160.3,161006399.6,174445063.3,204162532.8
 World,Turkiye,Export,  All Products,Export (US$ Thousand),11892398.08,17062453.82,16408205.48,26227015.55,34995394.65,41291023.58,39776520.91,34206387.09,77529858.95,55355741.69,69551510.76,95422771.4,134520683.7,154130957.9,179790572.9,276904023.6,251382277.3,183262689,235946853.5,297902681.8,288071318,312231070.4,303070053,262013390.9,258300920.2,301623944.4,291645773.8,268738070.1,270268097.1,334216576.8,353913252.7
 World,UAE,Export,  All Products,Export (US$ Thousand),12347605.72,15986667.89,19495895.95,23010016.96,24464146.33,27372654.95,29708695.27,29067646.98,45908644.4,51259294.22,58964477.42,73855064.62,92871759.93,124909322,142600473,386115236.6,231508282.8,184980027.5,203689579,250852059.8,270072266.8,331264493,310370745.5,290657399.7,278576154.9,272360839,257005451.6,252150855.8,209976104.2,275802553.1,295547455.4
 World,Viet Nam,Export,  All Products,Export (US$ Thousand),1884406.601,4040925.317,5715528.945,8171156.364,10236953.63,11382370.53,10723053.84,10900779.19,15101759.88,16281059.78,19738791.65,25452582.53,32986121.27,36923504.54,46208119.55,65880890.76,81463098.42,76739205.75,98160708.03,123303500.8,132641681.5,164172268.5,186939719.2,202370856.2,211527258.7,251046148.2,273304603.1,286547034.8,293982281.4,356414936.6,378824359.7
 World,United States,Export,  All Products,Export (US$ Thousand),390763758.8,489304804.1,609156336.1,689977545.8,745944099.5,833725019.5,874753848.1,975855305.2,1361483773,1279278599,1333072284,1438970824,1661886123,1832995741,2062222046,2306059423,2267397621,1709077103,2059228514,2351403298,2422179292,2443813557,2574421673,2496037385,2438718196,2618022500,2866351619,2874367640,2703695387,3284071797,3651286061
China, World,,,TII,1,1,1,1,1,1,1,1,1,1,1,1,1,1,1,1,1,1,1,1,1,1,1,1,1,1,1,1,1,1,1
China,Afghanistan,,,TII,2.340730279,2.983375761,2.980759051,3.290200621,2.274545007,2.23282312,2.043127754,1.273694086,0.861415097,0.899720095,0.414087853,0.257413237,0.38568674,0.193874473,0.321712411,0.900500354,0.286456744,0.288602036,0.149257457,0.159720422,0.371206681,0.246200643,0.326216401,0.290977672,0.389214591,0.406841343,0.502379691,0.539217479,0.414304099,0.446291734,0.645952394
China,Bangladesh,,,TII,2.60018754,2.082919358,2.86315225,3.654373273,4.128202903,3.45953683,3.042660179,3.370239511,3.368549444,3.074180721,3.164549152,2.812036397,2.940092613,2.878128315,2.954317481,1.34487869,2.736821752,2.548134227,2.507110176,2.378216231,2.32204528,2.437273706,2.398484822,2.510338704,2.606638469,2.407913261,2.452216314,2.318055913,2.135832011,2.160329054,2.134127965
China,Belarus,,,TII,0.795761553,0.816620827,0.234448738,0.143858399,0.048941321,0.060496246,0.024828348,0.02552829,0.12737598,0.024258856,0.035498778,0.046716823,0.05975267,0.06262712,0.113846563,0.186393267,0.096747139,0.097710346,0.214348107,0.150001325,0.195327932,0.187599853,0.2418172,0.214810265,0.314246032,0.213137828,0.231935176,0.353276534,0.430048246,0.42723943,1.197804409
China,China,,,TII,7.81066E-07,3.2164E-07,2.73662E-07,2.26999E-07,2.18367E-07,1.80568E-07,1.9202E-07,1.78711E-07,1.24489E-07,1.06424E-07,7.65116E-08,4.73011E-08,3.24085E-08,2.43985E-08,1.84371E-08,1.8892E-08,1.20814E-08,1.17147E-08,7.94558E-09,6.54446E-09,6.0191E-09,5.40279E-09,5.07883E-09,5.18451E-09,5.50136E-09,4.78863E-09,4.30144E-09,4.2612E-09,3.82605E-09,2.99529E-09,3.20605E-09
China,Egypt,,,TII,0.632800099,0.682590124,0.719138403,0.960791366,0.842100642,0.754866991,0.867605401,1.088260887,0.897218268,0.933443552,0.847243216,0.734591969,0.745042669,0.782214231,0.943364872,1.762836127,0.981957085,0.874355535,0.813835597,0.953462751,0.928153633,0.9401763,0.947274971,1.053424317,1.00519832,0.918600578,1.067752782,1.056532829,1.120993049,1.087233601,1.212689692
China,India,,,TII,0.440811893,0.557814965,0.929567385,0.848242879,0.751461881,0.873859846,0.934546034,0.879076733,0.769242481,0.904164254,0.995454016,0.845830523,1.009037532,1.021099581,1.185727914,2.2593099,1.347357859,1.34040855,1.335393364,1.354470243,1.143463362,1.215571195,1.257026586,1.333235974,1.466169951,1.447466391,1.483026152,1.486261718,1.503583717,1.395772464,1.525952765
China,Iran,,,TII,0.714101858,1.178717793,0.98384899,0.98620514,1.198521352,1.194777073,1.728600323,1.730211996,1.065342775,0.976429494,1.104640005,1.155811212,0.889618648,0.902454263,1.101896947,2.468984979,1.331963962,1.328249666,1.497398308,1.760678036,1.436180886,2.025740168,2.833152266,2.259804827,2.114952234,2.016479885,1.89844484,1.925036024,2.022222564,1.566883007,1.748474533
China,Iraq,,,TII,0.060723587,0.493150555,0.12660017,0.017966515,0.118866253,2.182816135,2.236119792,2.466984045,2.131352423,1.370176884,1.183459844,0.162080255,0.178767778,0.427549435,0.438741377,1.249990068,0.661919833,0.695705381,0.999443234,0.955837132,0.951502102,1.120832838,1.134584517,1.211125045,1.358725963,1.299293827,1.14793414,1.278555191,1.456528602,1.147873137,1.390965838
China,Israel,,,TII,0.036034062,0.184383986,0.248321833,0.249751474,0.246030063,0.295995529,0.404995622,0.484191054,0.429320942,0.498260442,0.480840173,0.502049815,0.491877305,0.505884257,0.564356738,1.306707092,0.623970234,0.691602777,0.706273356,0.77720042,0.759290753,0.798170161,0.730418531,0.810373941,0.766664219,0.829142071,0.81107625,0.821904117,0.945235934,0.9490708,0.909742784
China,Japan,,,TII,2.321370881,2.97615818,3.270043936,3.548782087,3.807781249,3.448207083,3.780650086,3.549773342,3.418951025,3.510277977,3.293917697,3.078008148,2.900088652,2.565467196,2.309762713,3.827160615,2.214808798,2.369000368,2.152565268,2.173858129,2.013445224,1.999971782,1.868764144,1.815196306,1.902025068,1.9205678,1.881455737,1.806419353,1.790238792,1.707167128,1.632489225
China,South Korea,,,TII,1.31047991,1.468622108,1.728091373,2.016622503,2.222477906,2.443505926,2.601580601,2.322272143,2.255412502,2.530229403,2.450998538,2.373656738,2.356342045,2.320539072,2.273385,4.19857859,2.476817925,2.119104088,1.903334272,1.916724705,1.858666149,1.84707286,1.831401882,1.865567314,1.902687815,1.849223006,1.822869015,1.896756945,1.800792867,1.790025953,1.837469882
China,Myanmar,,,TII,8.265167916,7.812490119,7.149514521,7.928578321,6.390417541,5.552970343,6.045176035,5.012419554,4.948920911,5.082399582,5.966721615,5.920656864,4.772458288,4.280354877,4.626695074,8.757243136,3.789951345,3.997774673,4.002387132,4.006256486,3.491047906,3.580219615,3.593388242,3.305200816,3.043062,3.209283149,3.438645077,3.682115919,3.490229013,3.17936019,3.30877448
China,Pakistan,,,TII,2.687151243,3.356560892,2.668925482,2.868720717,2.369284242,2.532903746,2.191185724,2.508968639,2.077199105,2.273100515,2.50788189,2.567889289,2.101172136,2.040305832,1.987672213,4.809832601,2.118741709,2.092530839,2.099252014,2.33179434,2.360189689,2.591688718,2.606250934,2.805503971,2.807058359,2.606905537,2.402248196,2.476085301,2.292329056,2.365107714,2.438889729
China,Qatar,,,TII,0.217522345,0.256825668,0.208604647,0.121555891,0.306179608,0.12392141,0.15026465,0.397077525,0.229680898,0.158632621,0.191943783,0.152304764,0.156074506,0.228382302,0.277291113,0.555817608,0.351904084,0.323337689,0.332178056,0.463107536,0.361767437,0.471327294,0.456209189,0.420302574,0.318760802,0.357522134,0.486469236,0.417603871,0.546850966,0.717529124,0.586256007
China,Saudi Arabia,,,TII,0.556945632,0.717695953,0.743133805,0.847507888,0.836599863,0.697124509,0.689592711,0.866882766,0.759792255,0.771006387,0.775091688,0.74665702,0.80217898,0.804770171,0.815964497,1.951295642,1.004240011,0.929908735,0.865970754,1.014882071,0.957300474,0.879013249,0.879664554,0.840556696,0.972676268,0.961383862,0.91474441,1.148430767,1.304772029,1.223628379,1.330266289
China,Turkiye,,,TII,0.16766251,0.299768074,0.349354821,0.51688371,0.3843772,0.391156842,0.474996237,0.522115365,0.394572113,0.31381193,0.353951818,0.418229233,0.361835134,0.416814562,0.561021444,1.025377509,0.522334328,0.52462197,0.536226419,0.554261986,0.528952121,0.537159354,0.563947887,0.566263014,0.542676619,0.514637075,0.52192397,0.534115917,0.562917743,0.632278631,0.687474033
China,UAE,,,TII,1.272300817,1.373687175,1.377723385,1.50621164,1.456237973,1.378903728,1.24605052,1.393489121,1.284876676,1.195317774,1.322963547,1.317978719,1.270855834,1.055539917,1.104572168,1.199721296,1.264350668,1.162071356,1.104528297,1.130339278,1.070405653,0.953175676,1.113447692,1.015553142,0.90665836,0.903383787,0.987238141,1.097937448,1.150588514,1.142289304,1.302854942
China,Viet Nam,,,TII,1.632589445,2.097888877,1.855963282,2.774532604,2.721471004,2.751700843,2.749056479,2.480641272,2.8889393,2.84590689,2.460345577,2.416496674,2.228091418,2.308551734,2.230714257,4.889668588,2.298110708,2.45067625,2.493374549,2.495027135,2.52178059,2.796845948,3.018174374,2.60107959,2.42622493,2.443636641,2.626126299,2.829910177,2.8948827,2.794471017,2.773347489
China,United States,,,TII,0.636740079,1.070793616,1.095041518,1.128098593,1.184384771,1.139164273,1.244800796,1.20761028,1.087212333,1.095072769,1.187846968,1.243939657,1.299205227,1.344528415,1.364894615,2.738261771,1.380520904,1.493830273,1.46002976,1.461687284,1.422584641,1.427210335,1.365593001,1.309653719,1.328498689,1.407987955,1.430803485,1.208731798,1.251427508,1.265292563,1.140996508
United States, World,,,TII,1,1,1,1,1,1,1,1,1,1,1,1,1,1,1,1,1,1,1,1,1,1,1,1,1,1,1,1,1,1,1
United States,Afghanistan,,,TII,0.070994965,0.172179742,0.139900308,0.107938994,0.297350131,0.209931282,0.160192676,0.387406993,0.112560084,0.110773111,0.781722572,0.357592739,0.74132169,0.839299476,1.24926413,2.72471221,1.001496699,2.324826897,2.261728916,2.599581739,1.614137773,1.48041832,0.949793928,0.582950123,1.194094982,1.036884735,1.378513193,1.025658268,1.004949487,0.442366824,0.044261659
United States,Bangladesh,,,TII,0.432293714,0.496938549,0.426149149,0.478123065,0.321424436,0.342353531,0.395376128,0.372703473,0.285396859,0.360499358,0.375144347,0.287774884,0.324898491,0.323910018,0.29703639,0.192313132,0.30945687,0.283753358,0.262442144,0.446350483,0.196341399,0.249254039,0.327748226,0.25777824,0.23867972,0.342553792,0.429276706,0.473285553,0.47296824,0.401049402,0.390370031
United States,Belarus,,,TII,0.420932177,0.726636198,0.27206731,0.175888648,0.066483584,0.038814195,0.031543132,0.035109549,0.030734297,0.03531403,0.019605472,0.073691256,0.021816329,0.02276787,0.036717328,0.087434672,0.039622722,0.054385197,0.044282715,0.042666702,0.028731471,0.028655754,0.029404122,0.025720417,0.081280692,0.024297109,0.040189944,0.037320715,0.041364166,0.064672473,0.025071343
United States,China,,,TII,1.107815968,0.556643793,0.600243093,0.680602638,0.63436396,0.614722448,0.739579318,0.659616258,0.642206461,0.745071854,0.79535798,0.811364171,0.812429373,0.849857409,0.951315769,1.293456764,0.950155873,0.926847556,0.901509526,0.87305935,0.882156108,0.920847784,0.90832853,0.910957091,0.919388529,0.91007522,0.771639903,0.69059809,0.863323124,0.855865375,0.859515227
United States,Egypt,,,TII,2.12516316,1.864991362,1.727529568,1.664999218,1.588754884,1.657545363,1.247735,1.294112993,1.183960622,1.390648965,1.338581777,1.236054221,1.202563687,1.080513289,1.215647756,2.214011815,1.10956707,1.023524248,1.13628877,1.044657915,0.822919438,0.814717841,0.847609944,0.633802119,0.485415268,0.565810344,0.671742468,0.722047706,0.708658705,0.66132374,0.806534502
United States,India,,,TII,1.01141022,1.173058057,0.879853313,0.932313254,0.881531905,0.899639745,0.880191731,0.78921541,0.576102276,0.653973569,0.717991252,0.761798363,0.756182728,0.765315653,0.766710572,1.734347455,0.876390052,0.845832329,0.775569557,0.73974957,0.703072666,0.766532124,0.724444608,0.743539134,0.78574269,0.798889883,0.967513274,1.038851771,1.117558023,1.099403768,1.062173904
United States,Iran,,,TII,0.301995558,0.356029282,0.287536494,0.251146477,0.000253953,0.000731126,2.04584E-05,0.0353313,0.008011616,0.003242184,0.011848405,0.029862147,0.021582424,0.022171138,0.019484006,0.051240145,0.122684364,0.053753931,0.035228903,0.035633787,0.041235248,0.062269515,0.031402604,0.054192782,0.032119192,0.02160609,0.086576349,0.022315868,0.01564457,0.014455801,0.014685108
United States,Iraq,,,TII,0.008615996,0.080267571,0.015271484,0.003642682,0.077874845,0.80636202,0.614353916,0.044761718,0.021689736,0.058506657,0.041759052,0.541807475,0.745445179,1.217233198,1.246772746,2.849266644,1.216696353,0.763754944,0.564692112,0.768598123,0.527623265,0.460247796,0.446150608,0.456993968,0.329563882,0.275135685,0.284592937,0.262478916,0.18633013,0.1688215,0.164587766
United States,Israel,,,TII,2.183444122,2.10634414,2.066706179,1.920236184,1.900869432,1.814521228,2.114217679,2.110477454,1.474546663,1.632711047,1.764731533,1.833861583,2.129700544,2.131438891,2.257246823,4.860235665,2.33700371,2.060065723,1.955063058,2.062468998,2.056661244,2.008909029,2.058395543,1.927620825,1.789781009,1.708046024,1.789798995,1.867916118,1.549085299,1.527268728,1.369129616
United States,Japan,,,TII,1.80216893,1.784946849,1.913190933,2.044476581,2.018743972,1.890557073,1.993131539,1.77141224,1.698486852,1.637786424,1.643746197,1.629199352,1.538859458,1.412423158,1.404950216,2.466040209,1.397398971,1.40812098,1.327466954,1.235899977,1.232182852,1.216443932,1.208841749,1.26516265,1.345368,1.384595626,1.437096101,1.430874957,1.456572975,1.470320974,1.321139789
United States,South Korea,,,TII,1.513745906,1.497490787,1.671402916,1.955692071,1.910569993,1.784229285,1.859189823,1.920651676,1.771713161,1.636203621,1.673356767,1.719398787,1.615520989,1.541101494,1.548408632,2.709647614,1.283394094,1.28567179,1.326414828,1.287159893,1.188718762,1.182634505,1.17383763,1.211326056,1.240580121,1.274675011,1.414065842,1.478033798,1.484266764,1.525937992,1.407296023
United States,Myanmar,,,TII,0.024039056,0.058839141,0.050169295,0.052740081,0.09556052,0.051812655,0.101027377,0.030224795,0.054475064,0.042692086,0.039220927,0.026998968,0.043324014,0.021156663,0.027000918,0.047083942,0.022684702,0.014013184,0.013719762,0.052112089,0.053662711,0.099619332,0.051508704,0.117757374,0.105128897,0.110947664,0.127145139,0.156832599,0.170416698,0.12564659,0.05530322
United States,Pakistan,,,TII,0.811325252,0.714006137,0.748343998,0.867501452,1.177847598,1.20563888,0.82129556,0.518530785,0.456574685,0.551038686,0.657708075,0.705414482,1.042448041,0.630024771,0.87156326,1.7616358,0.768071206,0.701074627,0.710099544,0.703998269,0.51624932,0.541996877,0.430294713,0.474626195,0.496379478,0.587290377,0.603416445,0.610302977,0.790711088,0.662647816,0.584898159
United States,Qatar,,,TII,0.940866725,0.775791166,0.765191268,0.727184874,0.7118515,0.794286725,0.888962684,0.582595823,0.448043344,0.61622932,0.571414743,0.607255253,0.499354946,0.935582406,0.789408951,2.587762498,1.109394724,1.146445355,1.514649259,1.389228789,1.42429032,1.912655039,1.514192764,1.18054773,1.497992245,0.972028653,1.295648205,1.701311478,1.285103322,0.909229858,0.934044617
United States,Saudi Arabia,,,TII,1.705220847,1.631458645,1.688315414,1.793361436,1.979470459,1.833526986,2.188638173,2.042088582,1.318860923,1.238042074,1.041437168,0.96650697,1.106298172,1.211000439,1.177431616,2.71633933,1.274244543,1.272506206,1.186474006,1.219217689,1.235680895,1.245304734,1.156436556,1.162094166,1.356684475,1.252894748,1.065900296,1.044647172,0.93966484,0.883226622,0.705711056
United States,Turkiye,,,TII,1.261083278,1.226297935,1.231150298,0.835316288,0.661717114,0.661088351,0.683854563,0.737848936,0.434055679,0.52587829,0.475311313,0.355152746,0.313987908,0.351250565,0.41123349,0.675956182,0.565860694,0.507483025,0.584151174,0.66836712,0.561460058,0.511693643,0.491937466,0.43774735,0.439816329,0.406330721,0.449528595,0.470715882,0.501209066,0.492319094,0.527785636
United States,UAE,,,TII,0.690730053,0.690421361,0.599461152,0.696023741,0.828759509,0.734129807,0.617679862,0.736780396,0.449971132,0.484081607,0.64713446,0.555032181,0.551887673,0.830199677,1.078703752,0.854458064,0.926899175,0.858634053,0.748719199,0.859540153,1.082688582,0.976546121,0.910031721,0.954900518,0.975783861,0.9246145,0.969889481,1.000685724,0.951352552,0.856612726,0.878972633
United States,Viet Nam,,,TII,0.013077224,0.010445143,0.221062879,0.248586821,0.482852812,0.188211224,0.198036607,0.21048795,0.220203641,0.265931651,0.312149967,0.607744704,0.421003988,0.412702499,0.307248647,0.820829027,0.466646658,0.531272411,0.493714904,0.474177716,0.451877453,0.40593504,0.392717383,0.422722921,0.579798481,0.406370114,0.45229648,0.478307322,0.459941488,0.424885354,0.374852785